ENTITAT_RECEPTORA;CODI_ENT_BANC;TIPOLOGIA;Població;Municipi;CP;Comarca;Districte municipal BCN
1281;1;Entitats Receptores Ordinàries;Barcelona;;08001;Barcelonès;Ciutat Vella
1282;2;Entitats Receptores Ordinàries;Barcelona;;08024;Barcelonès;Horta-Guinardó
1283;3;Entitats Receptores Ordinàries;Barcelona;;08003;Barcelonès;Ciutat Vella
1284;4;Entitats Receptores Ordinàries;Barcelona;;08002;Barcelonès;Ciutat Vella
1285;5;Entitats Receptores Ordinàries;Barcelona;;08034;Barcelonès;Sarrià-Sant Gervasi
1286;6;Entitats Receptores Ordinàries;Barcelona;;08001;Barcelonès;Ciutat Vella
1287;7;Entitats Receptores Ordinàries;Barcelona;;08024;Barcelonès;Horta-Guinardó
1288;8;Entitats Receptores Ordinàries;Barcelona;;08003;Barcelonès;Ciutat Vella
1289;9;Entitats Receptores Ordinàries;Barcelona;;08003;Barcelonès;Ciutat Vella
1290;10;Entitats Receptores Ordinàries;El Prat de Llobregat;;08820;Baix Llobregat; 
1291;11;Entitats Receptores Ordinàries;Barcelona;;08001;Barcelonès;Ciutat Vella
1292;12;Entitats Receptores Ordinàries;Barcelona;;08001;Barcelonès;Ciutat Vella
1293;13;Entitats Receptores Ordinàries;Barcelona;;08024;Barcelonès;Gràcia
1294;14;Entitats Receptores Ordinàries;Barcelona;;08002;Barcelonès;Ciutat Vella
1295;15;Entitats Receptores Ordinàries;Barcelona;;08023;Barcelonès;Gràcia
1296;16;Entitats Receptores Ordinàries;Barcelona;;08001;Barcelonès;Ciutat Vella
1297;17;Entitats Receptores Ordinàries;Barcelona;;08003;Barcelonès;Ciutat Vella
1298;18;Entitats Receptores Ordinàries;Sant Boi de Llobregat;;08830;Baix Llobregat; 
1299;19;Entitats Receptores Ordinàries;Barcelona;;08001;Barcelonès;Ciutat Vella
1300;20;Entitats Receptores Ordinàries;Mataró;;08301;Maresme; 
1006032;21;Entitats Receptores Ordinàries;Barcelona;;08002;Barcelonès;Ciutat Vella
1910;22;Entitats Receptores Ordinàries;Barcelona;;08038;Barcelonès;Sants-Montjuic
1302;23;Entitats Receptores Ordinàries;Barcelona;;08021;Barcelonès;Sarrià-Sant Gervasi
1303;24;Entitats Receptores Ordinàries;Barcelona;;08001;Barcelonès;Ciutat Vella
1304;25;Entitats Receptores Ordinàries;Barcelona;;08025;Barcelonès;Gràcia
1305;26;Entitats Receptores Ordinàries;Barcelona;;08032;Barcelonès;Horta-Guinardó
1306;27;Entitats Receptores Ordinàries;L'Hospitalet de Llobregat;;08907;Barcelonès; 
1307;28;Entitats Receptores Ordinàries;Sant Esteve Sesrovires;;08635;Baix Llobregat; 
1308;29;Entitats Receptores Ordinàries;L'Hospitalet de Llobregat;;08902;Barcelonès; 
1309;30;Entitats Receptores Ordinàries;Barcelona;;08016;Barcelonès;Nou Barris
1310;31;Entitats Receptores Ordinàries;Barcelona;;08014;Barcelonès;Sants-Montjuic
1311;32;Entitats Receptores Ordinàries;Barcelona;;08041;Barcelonès;Horta-Guinardó
1312;33;Entitats Receptores Ordinàries;Girona;;17080;Gironès; 
1313;34;Entitats Receptores Ordinàries;Barcelona;;08024;Barcelonès;Gràcia
1314;35;Entitats Receptores Ordinàries;Barcelona;;08025;Barcelonès;Gràcia
1315;36;Entitats Receptores Ordinàries;Barcelona;;08034;Barcelonès;Sarrià-Sant Gervasi
1316;37;Entitats Receptores Ordinàries;L'HOSPITALET DE LLOBREGAT;;08907;Barcelonès; 
1317;38;Entitats Receptores Ordinàries;Sant Adrià de Besòs;;08930;Barcelonès; 
1318;39;Entitats Receptores Ordinàries;Barcelona;;08003;Barcelonès;Ciutat Vella
1319;40;Entitats Receptores Ordinàries;Terrassa;;08224;Vallès Occidental; 
1320;41;Entitats Receptores Ordinàries;Barcelona;;08025;Barcelonès;L'Eixample
1321;42;Entitats Receptores Ordinàries;Sabadell;;08204;Vallès Occidental; 
1322;43;Entitats Receptores Ordinàries;Cerdanyola del Vallès;;08290;Vallès Occidental; 
1323;44;Entitats Receptores Ordinàries;Barcelona;;08027;Barcelonès;Sant Andreu
1006036;45;Entitats Receptores Ordinàries;Barcelona;;08001;Barcelonès;Ciutat Vella
1324;46;Entitats Receptores Ordinàries;Sant Boi de Llobregat;;08830;Baix Llobregat; 
1325;47;Entitats Receptores Ordinàries;Ripollet;;08291;Vallès Occidental; 
1326;48;Entitats Receptores Ordinàries;L'Hospitalet de Llobregat;;08908;Barcelonès;
1006037;49;Entitats Receptores Ordinàries;Esplugues de Llobregat;;08950;Baix Llobregat;
1006038;50;Entitats Receptores Ordinàries;Cornellà de Llobregat;;08940;Baix Llobregat;
1327;51;Entitats Receptores Ordinàries;Barcelona;;08001;Barcelonès;Ciutat Vella
1328;52;Entitats Receptores Ordinàries;Sant Vicenç dels Horts;;08620;Baix Llobregat;
1329;53;Entitats Receptores Ordinàries;Badalona;;08918;Barcelonès;
1330;54;Entitats Receptores Ordinàries;Barcelona;;08016;Barcelonès;Nou Barris
1331;55;Entitats Receptores Ordinàries;Terrassa;;08223;Vallès Occidental;
1332;56;Entitats Receptores Ordinàries;Barcelona;;08024;Barcelonès;Gràcia
1333;57;Entitats Receptores Ordinàries;Castelldefels;;08860;Baix Llobregat;
1334;58;Entitats Receptores Ordinàries;Sant Adrià de Besòs;;08930;Barcelonès; 
1335;59;Entitats Receptores Ordinàries;El Masnou;;08320;Maresme; 
1336;60;Entitats Receptores Ordinàries;Barcelona;;08001;Barcelonès;Ciutat Vella
1337;61;Altres Entitats Receptores;;;;;
1338;62;Entitats Receptores Ordinàries;Sabadell;;08202;Vallès Occidental;
1339;63;Entitats Receptores Ordinàries;Barcelona;;08034;Barcelonès;Les Corts
1340;64;Entitats Receptores Ordinàries;Terrassa;;08224;Vallès Occidental;
1341;65;Entitats Receptores Ordinàries;Castellbell i el Vilar;;08296;Bages;
1342;66;Entitats Receptores Ordinàries;Barcelona;;08002;Barcelonès;Ciutat Vella
1343;67;Entitats Receptores Ordinàries;Barcelona;;08027;Barcelonès;Sant Martí
1344;68;Entitats Receptores Ordinàries;Mataró;;08304;Maresme; 
1345;69;Entitats Receptores Ordinàries;Barcelona;;08002;Barcelonès;Ciutat Vella
1346;70;Entitats Receptores Ordinàries;Sant Just Desvern;;08960;Baix Llobregat; 
1347;71;Entitats Receptores Ordinàries;Castelldefels;;08860;Baix Llobregat; 
1348;72;Entitats Receptores Ordinàries;Llinars del Vallès;;08450;Vallès Oriental; 
1349;73;Entitats Receptores Ordinàries;Barcelona;;08033;Barcelonès;Nou Barris
1350;74;Entitats Receptores Ordinàries;Badalona;;08918;Barcelonès; 
1351;75;Entitats Receptores Ordinàries;Barcelona;;08003;Barcelonès;Ciutat Vella
1352;76;Entitats Receptores Ordinàries;Badia del Vallès;;08214;Vallès Occidental; 
1353;77;Entitats Receptores Ordinàries;L'Hospitalet de Llobregat;;08907;Barcelonès;
1354;78;Entitats Receptores Ordinàries;Barcelona;;08035;Barcelonès;Horta-Guinardó
1355;79;Entitats Receptores Ordinàries;Barcelona;;08001;Barcelonès;Ciutat Vella
1087;80;Entitats Receptores Ordinàries;Barcelona;;08006;Barcelonès;Sarrià-Sant Gervasi
1356;81;Entitats Receptores Ordinàries;Badalona;;08914;Barcelonès; 
1357;82;Entitats Receptores Ordinàries;Barcelona;;08024;Barcelonès;Gràcia
1358;83;Entitats Receptores Ordinàries;Barcelona;;08028;Barcelonès;Les Corts
1359;84;Entitats Receptores Ordinàries;Barcelona;;08032;Barcelonès;Horta-Guinardó
1360;85;Entitats Receptores Ordinàries;Sant Feliu de Llobregat;;08980;Baix Llobregat; 
1361;86;Entitats Receptores Ordinàries;Barcelona;;08006;Barcelonès;Sarrià-Sant Gervasi
1362;87;Entitats Receptores Ordinàries;Barcelona;;08006;Barcelonès;Gràcia
1363;88;Entitats Receptores Ordinàries;Sant Cugat del Vallès;;08190;Vallès Occidental; 
1364;89;Entitats Receptores Ordinàries;Vilanova i la Geltrú;;08800;Garraf; 
1365;90;Entitats Receptores Ordinàries;Barcelona;;08014;Barcelonès;Sants-Montjuic
1366;91;Entitats Receptores Ordinàries;Barcelona;;08025;Barcelonès;L'Eixample
1367;92;Entitats Receptores Ordinàries;Barcelona;;08010;Barcelonès;L'Eixample
1368;93;Entitats Receptores Ordinàries;Barcelona;;08014;Barcelonès;Sants-Montjuic
1369;94;Entitats Receptores Ordinàries;Barcelona;;08019;Barcelonès;Sant Martí
1370;95;Entitats Receptores Ordinàries;Barcelona;;08003;Barcelonès;Ciutat Vella
1371;96;Entitats Receptores Ordinàries;Barcelona;;08002;Barcelonès;Ciutat Vella
1372;97;Entitats Receptores Ordinàries;Barcelona;;08025;Barcelonès;L'Eixample
1373;98;Entitats Receptores Ordinàries;Barcelona;;08024;Barcelonès;Gràcia
1374;99;Entitats Receptores Ordinàries;Monistrol de Montserrat;;08691;Bages; 
1375;100;Entitats Receptores Ordinàries;Barcelona;;08023;Barcelonès;Gràcia
1376;101;Entitats Receptores Ordinàries;Barcelona;;08003;Barcelonès;Ciutat Vella
1377;102;Entitats Receptores Ordinàries;Barcelona;;08019;Barcelonès;Sant Martí
1378;103;Entitats Receptores Ordinàries;Sitges;;08870;Garraf; 
1379;104;Entitats Receptores Ordinàries;Barcelona;;08002;Barcelonès;Ciutat Vella
1380;105;Entitats Receptores Ordinàries;Barcelona;;08032;Barcelonès;Horta-Guinardó
1381;106;Entitats Receptores Ordinàries;Barcelona;;08001;Barcelonès;Ciutat Vella
1382;107;Entitats Receptores Ordinàries;Barcelona;;08017;Barcelonès;Sarrià-Sant Gervasi
1383;108;Entitats Receptores Ordinàries;Sabadell;;08208;Vallès Occidental;
1909;109;Entitats Receptores Ordinàries;Barcelona;;08019;Barcelonès;Sant Martí
1384;110;Entitats Receptores Ordinàries;Barcelona;;08041;Barcelonès;Horta-Guinardó
1385;111;Entitats Receptores Ordinàries;Barcelona;;08017;Barcelonès;Sarrià-Sant Gervasi
1386;112;Entitats Receptores Ordinàries;Cardedeu;;08440;Vallès Oriental; 
1387;113;Entitats Receptores Ordinàries;Barcelona;;08017;Barcelonès;Sarrià-Sant Gervasi
1388;114;Entitats Receptores Ordinàries;Barcelona;;08028;Barcelonès;Les Corts
1389;115;Entitats Receptores Ordinàries;Barcelona;;08027;Barcelonès;Sant Andreu
1390;116;Entitats Receptores Ordinàries;Barcelona;;08004;Barcelonès;Sants-Montjuic
1391;117;Entitats Receptores Ordinàries;Barcelona;;08030;Barcelonès;Sant Andreu
1392;118;Entitats Receptores Ordinàries;Barcelona;;08035;Barcelonès;Horta-Guinardó
1084;119;Entitats Receptores Ordinàries;Barcelona;;08023;Barcelonès;Gràcia
1393;120;Entitats Receptores Ordinàries;Ripollet;;08291;Vallès Occidental; 
1394;121;Entitats Receptores Ordinàries;Sabadell;;08202;Vallès Occidental;
1395;122;Entitats Receptores Ordinàries;Barcelona;;08004;Barcelonès;Sants-Montjuic
1396;123;Entitats Receptores Ordinàries;Barcelona;;08017;Barcelonès;Sarrià-Sant Gervasi
1397;124;Entitats Receptores Ordinàries;Barcelona;;08038;Barcelonès;Sants-Montjuic
1398;125;Entitats Receptores Ordinàries;Vic;;08500;Osona; 
1399;126;Entitats Receptores Ordinàries;Arenys de Mar;;08350;Maresme; 
1400;127;Entitats Receptores Ordinàries;Barcelona;;08033;Barcelonès;Nou Barris
1086;128;Entitats Receptores Ordinàries;Barcelona;;08001;Barcelonès;Ciutat Vella
1401;129;Entitats Receptores Ordinàries;Moià;;08180;Bages; 
1402;130;Entitats Receptores Ordinàries;Santa Coloma de Gramenet;;08921;Barcelonès; 
1403;131;Entitats Receptores Ordinàries;Barcelona;;08007;Barcelonès;L'Eixample
1404;132;Entitats Receptores Ordinàries;Barcelona;;08035;Barcelonès;Horta-Guinardó
1405;133;Entitats Receptores Ordinàries;Sabadell;;08202;Vallès Occidental; 
1406;134;Entitats Receptores Ordinàries;Rubí;;08191;Vallès Occidental; 
1407;135;Entitats Receptores Ordinàries;Barcelona;;08033;Barcelonès;Nou Barris
1408;136;Entitats Receptores Ordinàries;Barcelona;;08002;Barcelonès;Ciutat Vella
1409;137;Entitats Receptores Ordinàries;Barcelona;;08005;Barcelonès;Sant Martí
1410;138;Entitats Receptores Ordinàries;Barcelona;;08012;Barcelonès;Gràcia
1411;139;Entitats Receptores Ordinàries;Barcelona;;08001;Barcelonès;Ciutat Vella
1412;140;Entitats Receptores Ordinàries;Sant Joan de Mediona;;08777;Alt Penedès;
1413;141;Entitats Receptores Ordinàries;Esparreguera;;08292;Baix Llobregat; 
1414;142;Entitats Receptores Ordinàries;Balaguer;;25600;Noguera; 
1415;143;Entitats Receptores Ordinàries;Barcelona;;08025;Barcelonès;L'Eixample
1416;144;Entitats Receptores Ordinàries;Sant Boi de Llobregat;;08830;Baix Llobregat; 
1417;145;Entitats Receptores Ordinàries;Barcelona;;08017;Barcelonès;Sarrià-Sant Gervasi
1418;146;Entitats Receptores Ordinàries;Barcelona;;08001;Barcelonès;Ciutat Vella
1419;147;Entitats Receptores Ordinàries;Barcelona;;08042;Barcelonès;Nou Barris
1420;148;Entitats Receptores Ordinàries;Barcelona;;08019;Barcelonès;Sant Martí
1421;149;Entitats Receptores Ordinàries;Barcelona;;08014;Barcelonès;Sants-Montjuic
1422;150;Entitats Receptores Ordinàries;Barcelona;;08016;Barcelonès;Nou Barris
1423;151;Entitats Receptores Ordinàries;Barcelona;;08019;Barcelonès;Sant Martí
1424;152;Entitats Receptores Ordinàries;Barcelona;;08026;Barcelonès;L'Eixample
1425;153;Entitats Receptores Ordinàries;Barcelona;;08013;Barcelonès;L'Eixample
1426;154;Entitats Receptores Ordinàries;Barcelona;;08016;Barcelonès;Nou Barris
1427;155;Entitats Receptores Ordinàries;Barcelona;;08020;Barcelonès;Sant Martí
1089;156;Entitats Receptores Ordinàries;Barcelona;;08003;Barcelonès;Ciutat Vella
1428;157;Entitats Receptores Ordinàries;Badalona;;08918;Barcelonès; 
1006039;158;Entitats Receptores Ordinàries;Barcelona;;08003;Barcelonès;Ciutat Vella
1429;159;Entitats Receptores Ordinàries;Barcelona;;08028;Barcelonès;Les Corts
1430;160;Entitats Receptores Ordinàries;Barcelona;;08002;Barcelonès;Ciutat Vella
1091;161;Entitats Receptores Ordinàries;Barcelona;;08033;Barcelonès;Nou Barris
1431;162;Entitats Receptores Ordinàries;Barcelona;;08035;Barcelonès;Horta-Guinardó
1432;163;Entitats Receptores Ordinàries;Barcelona;;08026;Barcelonès;Sant Martí
1433;164;Entitats Receptores Ordinàries;Barcelona;;08033;Barcelonès;Nou Barris
1434;165;Entitats Receptores Ordinàries;Barcelona;;08006;Barcelonès;Sarrià-Sant Gervasi
1435;166;Entitats Receptores Ordinàries;Barcelona;;08035;Barcelonès;Horta-Guinardó
1436;167;Entitats Receptores Ordinàries;Barcelona;;08002;Barcelonès;Ciutat Vella
1437;168;Entitats Receptores Ordinàries;Vilassar de Mar;;08340;Maresme; 
1438;169;Entitats Receptores Ordinàries;Barcelona;;08024;Barcelonès;Horta-Guinardó
1439;170;Entitats Receptores Ordinàries;Barberà del Vallès;;08210;Vallès Occidental; 
1440;171;Entitats Receptores Ordinàries;Sabadell;;08204;Vallès Occidental; 
1441;172;Entitats Receptores Ordinàries;Barcelona;;08009;Barcelonès;L'Eixample
1442;173;Entitats Receptores Ordinàries;Barcelona;;08002;Barcelonès;Ciutat Vella
1443;174;Entitats Receptores Ordinàries;L'Hospitalet de Llobregat;;08906;Barcelonès;
1444;175;Entitats Receptores Ordinàries;Sant Andreu de la Barca;;08740;Baix Llobregat; 
1445;176;Entitats Receptores Ordinàries;Sant Adrià de Besòs;;08930;Barcelonès; 
1446;177;Entitats Receptores Ordinàries;L'Hospitalet de Llobregat;;08905;Barcelonès; 
1447;178;Entitats Receptores Ordinàries;Argentona;;08310;Maresme; 
1448;179;Entitats Receptores Ordinàries;Barcelona;;08042;Barcelonès;Nou Barris
1449;180;Entitats Receptores Ordinàries;Barcelona;;08038;Barcelonès;Sants-Montjuic
1450;181;Entitats Receptores Ordinàries;Barcelona;;08003;Barcelonès;Ciutat Vella
1451;182;Entitats Receptores Ordinàries;Sabadell;;08208;Vallès Occidental; 
1452;183;Entitats Receptores Ordinàries;Cerdanyola del Vallès;;08290;Vallès Occidental; 
1453;184;Entitats Receptores Ordinàries;Gavà;;08850;Baix Llobregat; 
1454;185;Entitats Receptores Ordinàries;Barcelona;;08038;Barcelonès;Sants-Montjuic
1455;186;Entitats Receptores Ordinàries;Barcelona;;08020;Barcelonès;Sant Martí
1456;187;Entitats Receptores Ordinàries;Barcelona;;08006;Barcelonès;Sarrià-Sant Gervasi
1457;188;Entitats Receptores Ordinàries;Barcelona;;08020;Barcelonès;Sant Martí
1458;189;Entitats Receptores Ordinàries;Barcelona;;08003;Barcelonès;Ciutat Vella
1459;190;Entitats Receptores Ordinàries;Barcelona;;08032;Barcelonès;Horta-Guinardó
1460;191;Entitats Receptores Ordinàries;Santa Coloma de Gramenet;;08922;Barcelonès; 
1461;192;Entitats Receptores Ordinàries;Mollet del Vallès;;08100;Vallès Oriental;
1462;193;Entitats Receptores Ordinàries;Barcelona;;08012;Barcelonès;Gràcia
1463;194;Entitats Receptores Ordinàries;Barcelona;;08020;Barcelonès;Sant Martí
1464;195;Entitats Receptores Ordinàries;Barcelona;;08006;Barcelonès;Sarrià-Sant Gervasi
1465;196;Entitats Receptores Ordinàries;Sant Vicenç dels Horts;;08620;Baix Llobregat; 
1466;197;Entitats Receptores Ordinàries;Barcelona;;08025;Barcelonès;L'Eixample
1467;198;Entitats Receptores Ordinàries;Vilafranca del Penedès;;08720;Alt Penedès; 
1468;199;Entitats Receptores Ordinàries;Barcelona;;08019;Barcelonès;Sant Martí
1469;200;Entitats Receptores Ordinàries;Sabadell;;08205;Vallès Occidental; 
1470;201;Entitats Receptores Ordinàries;Sant Andreu de la Barca;;08740;Baix Llobregat; 
1471;202;Entitats Receptores Ordinàries;Barcelona;;08033;Barcelonès;Nou Barris
1472;203;Entitats Receptores Ordinàries;Barcelona;;08008;Barcelonès;L'Eixample
1473;204;Entitats Receptores Ordinàries;Santa Perpètua de Mogoda;;08130;Vallès Occidental; 
1474;205;Entitats Receptores Ordinàries;Badalona;;08912;Barcelonès; 
1475;206;Entitats Receptores Ordinàries;Mollet del Vallès;;08100;Vallès Oriental; 
1476;207;Entitats Receptores Ordinàries;Barcelona;;08016;Barcelonès;Nou Barris
1477;208;Entitats Receptores Ordinàries;Sant Adrià de Besòs;;08930;Barcelonès; 
1478;209;Entitats Receptores Ordinàries;Montmeló;;08160;Vallès Oriental; 
1479;210;Entitats Receptores Ordinàries;Barcelona;;08001;Barcelonès;Ciutat Vella
1480;211;Entitats Receptores Ordinàries;Barcelona;;08016;Barcelonès;Nou Barris
1481;212;Entitats Receptores Ordinàries;Barcelona;;08020;Barcelonès;Sant Martí
1482;213;Entitats Receptores Ordinàries;Barcelona;;08022;Barcelonès;Sarrià-Sant Gervasi
1483;214;Entitats Receptores Ordinàries;Sant Feliu de Llobregat;;08980;Baix Llobregat; 
1484;215;Entitats Receptores Ordinàries;Abrera;;08630;Baix Llobregat; 
1485;216;Entitats Receptores Ordinàries;Sant Cugat del Vallès;;08195;Vallès Oriental;
1486;217;Entitats Receptores Ordinàries;Sant Joan Despí;;08970;Baix Llobregat; 
1487;218;Entitats Receptores Ordinàries;Badalona;;08915;Barcelonès; 
1488;219;Entitats Receptores Ordinàries;Sant Vicenç dels Horts;;08620;Baix Llobregat; 
1489;220;Entitats Receptores Ordinàries;Cerdanyola del Vallès;;08290;Vallès Occidental; 
1490;221;Entitats Receptores Ordinàries;Viladecans;;08840;Baix Llobregat; 
1491;222;Entitats Receptores Ordinàries;Barcelona;;08020;Barcelonès;Sant Martí
1492;223;Entitats Receptores Ordinàries;Gelida;;08790;Alt Penedès; 
1493;224;Entitats Receptores Ordinàries;Barcelona;;08001;Barcelonès;Ciutat Vella
1494;225;Entitats Receptores Ordinàries;Premià de Mar;;08330;Maresme; 
1495;226;Entitats Receptores Ordinàries;Barcelona;;08019;Barcelonès;Sant Martí
1496;227;Entitats Receptores Ordinàries;Pallejà;;08780;Baix Llobregat; 
1497;228;Entitats Receptores Ordinàries;Barcelona;;08015;Barcelonès;L'Eixample
1498;229;Entitats Receptores Ordinàries;Montcada i Reixac;;08110;Vallès Occidental; 
1499;230;Entitats Receptores Ordinàries;Badalona;;08914;Barcelonès;
1500;231;Entitats Receptores Ordinàries;Tordera;;08490;Maresme; 
1501;232;Entitats Receptores Ordinàries;Sabadell;;08203;Vallès Occidental; 
1502;233;Entitats Receptores Ordinàries;Castellbell i el Vilar;;08296;Bages; 
1503;234;Entitats Receptores Ordinàries;Vilafranca del Penedès;;08720;Alt Penedès; 
1504;235;Entitats Receptores Ordinàries;Barcelona;;08017;Barcelonès;Sarrià-Sant Gervasi
1505;236;Entitats Receptores Ordinàries;Barcelona;;08003;Barcelonès;Ciutat Vella
1506;237;Entitats Receptores Ordinàries;Barcelona;;08001;Barcelonès;Ciutat Vella
1507;238;Entitats Receptores Ordinàries;L'Hospitalet de Llobregat;;08906;Barcelonès; 
1508;239;Entitats Receptores Ordinàries;Barcelona;;08020;Barcelonès;Sant Martí
1509;240;Entitats Receptores Ordinàries;Badalona;;08917;Barcelonès; 
1510;241;Entitats Receptores Ordinàries;Barcelona;;08002;Barcelonès;Ciutat Vella
1511;242;Entitats Receptores Ordinàries;Badalona;;08911;Barcelonès; 
1512;243;Entitats Receptores Ordinàries;Barcelona;;08020;Barcelonès;Sant Martí
1911;244;Entitats Receptores Ordinàries;Barcelona;;08024;Barcelonès;Gràcia
1514;245;Entitats Receptores Ordinàries;Barcelona;;08011;Barcelonès;L'Eixample
1515;246;Entitats Receptores Ordinàries;Pallejà;;08780;Baix Llobregat; 
1516;247;Entitats Receptores Ordinàries;Barcelona;;08015;Barcelonès;L'Eixample
1912;248;Entitats Receptores Ordinàries;Sabadell;;08208;Vallès Occidental; 
1518;249;Entitats Receptores Ordinàries;El Prat de Llobregat;;08820;Baix Llobregat; 
1519;250;Entitats Receptores Ordinàries;Sabadell;;08204;Vallès Occidental; 
1520;251;Entitats Receptores Ordinàries;Barcelona;;08030;Barcelonès;Sant Andreu
1521;252;Entitats Receptores Ordinàries;Granollers;;08402;Vallès Oriental; 
1522;253;Entitats Receptores Ordinàries;Barcelona;;08030;Barcelonès;Sant Andreu
1523;254;Entitats Receptores Ordinàries;Barcelona;;08018;Barcelonès;Sant Martí
1524;255;Entitats Receptores Ordinàries;Barcelona;;08001;Barcelonès;Ciutat Vella
1525;256;Entitats Receptores Ordinàries;Barcelona;;08001;Barcelonès;Ciutat Vella
1526;257;Entitats Receptores Ordinàries;Montcada i Reixac;;08110;Vallès Oriental;
1527;258;Entitats Receptores Ordinàries;Barcelona;;08003;Barcelonès;Ciutat Vella
1528;259;Entitats Receptores Ordinàries;Barcelona;;08010;Barcelonès;L'Eixample
1529;260;Entitats Receptores Ordinàries;Barcelona;;08002;Barcelonès;Ciutat Vella
1530;261;Entitats Receptores Ordinàries;Barcelona;;08004;Barcelonès;Sants-Montjuic
1531;262;Entitats Receptores Ordinàries;Barcelona;;08019;Barcelonès;Sant Martí
1532;263;Entitats Receptores Ordinàries;Barcelona;;08022;Barcelonès;Sarrià-Sant Gervasi
1533;264;Entitats Receptores Ordinàries;Barcelona;;08036;Barcelonès;L'Eixample
1534;265;Entitats Receptores Ordinàries;Badalona;;08914;Barcelonès; 
1535;266;Entitats Receptores Ordinàries;Badalona;;08911;Barcelonès; 
1536;267;Entitats Receptores Ordinàries;Igualada;;08700;Anoia; 
1537;268;Entitats Receptores Ordinàries;Corbera de Llobregat;;08757;Baix Llobregat; 
1538;269;Entitats Receptores Ordinàries;Barcelona;;08009;Barcelonès;L'Eixample
1539;270;Entitats Receptores Ordinàries;Barcelona;;08003;Barcelonès;Ciutat Vella
1540;271;Entitats Receptores Ordinàries;Santa Coloma de Gramenet;;08923;Barcelonès; 
1541;272;Entitats Receptores Ordinàries;Terrassa;;08225;Vallès Occidental; 
1542;273;Entitats Receptores Ordinàries;Barcelona;;08001;Barcelonès;Ciutat Vella
1543;274;Entitats Receptores Ordinàries;Santa Perpètua de Mogoda;;08130;Vallès Occidental; 
1544;275;Entitats Receptores Ordinàries;Barcelona;;08011;Barcelonès;L'Eixample
1545;276;Entitats Receptores Ordinàries;Terrassa;;08234;Vallès Occidental; 
1546;277;Entitats Receptores Ordinàries;Barcelona;;08004;Barcelonès;Sants-Montjuic
1547;278;Entitats Receptores Ordinàries;Cornellà de Llobregat;;08940;Baix Llobregat;
1548;279;Entitats Receptores Ordinàries;Sant Just Desvern;;08960;Baix Llobregat; 
1549;280;Entitats Receptores Ordinàries;Igualada;;08700;Anoia; 
1550;281;Entitats Receptores Ordinàries;Sabadell;;08201;Vallès Occidental; 
1551;282;Entitats Receptores Ordinàries;Lliçà d'Amunt;;08186;Vallès Oriental;
1552;283;Entitats Receptores Ordinàries;Santa Coloma de Gramenet;;08921;Barcelonès; 
1553;284;Entitats Receptores Ordinàries;Barcelona;;08013;Barcelonès;L'Eixample
1554;285;Entitats Receptores Ordinàries;Barcelona;;08003;Barcelonès;Ciutat Vella
1555;286;Entitats Receptores Ordinàries;Santa Coloma de Gramenet;;08924;Barcelonès; 
1556;287;Entitats Receptores Ordinàries;Barcelona;;08001;Barcelonès;Ciutat Vella
1913;288;Entitats Receptores Ordinàries;Barcelona;;08005;Barcelonès;Sant Martí
1558;289;Entitats Receptores Ordinàries;Barcelona;;08031;Barcelonès;Horta-Guinardó
1559;290;Entitats Receptores Ordinàries;Barcelona;;08026;Barcelonès;Sant Martí
1560;291;Entitats Receptores Ordinàries;Barcelona;;08003;Barcelonès;Ciutat Vella
140083;292;Entitats Receptores Ordinàries;Barcelona;;08012;Barcelonès;Gràcia
142931;293;Entitats Receptores Ordinàries;Barcelona;;08035;Barcelonès;Horta-Guinardó
149926;294;Entitats Receptores Ordinàries;Barcelona;;08011;Barcelonès;L'Eixample
149931;295;Entitats Receptores Ordinàries;Vallirana;;08759;Baix Llobregat; 
149938;296;Entitats Receptores Ordinàries;Barcelona;;08030;Barcelonès;Sant Andreu
149954;297;Entitats Receptores Ordinàries;Rubí;;08191;Vallès Occidental; 
149884;298;Entitats Receptores Ordinàries;Barcelona;;08006;Barcelonès;Sarrià-Sant Gervasi
149911;299;Entitats Receptores Ordinàries;Sant Cugat del Vallès;;08190;Vallès Occidental; 
149883;300;Entitats Receptores Ordinàries;L'Hospitalet de Llobregat;;08904;Barcelonès; 
149897;301;Entitats Receptores Ordinàries;Barcelona;;08035;Barcelonès;Horta-Guinardó
149946;302;Entitats Receptores Ordinàries;Barcelona;;08030;Barcelonès;Sant Andreu
149920;303;Entitats Receptores Ordinàries;Esparreguera;;08292;Baix Llobregat; 
149905;304;Entitats Receptores Ordinàries;Vilanova del Camí;;08788;Anoia; 
153717;305;Entitats Receptores Ordinàries;Badalona;;08915;Barcelonès; 
158027;306;Entitats Receptores Ordinàries;Barcelona;;08022;Barcelonès;Sarrià-Sant Gervasi
158033;307;Entitats Receptores Ordinàries;Barcelona;;08023;Barcelonès;Gràcia
158038;308;Entitats Receptores Ordinàries;Barcelona;;08006;Barcelonès;Sarrià-Sant Gervasi
168592;309;Entitats Receptores Ordinàries;Barcelona;;08036;Barcelonès;L'Eixample
168599;310;Entitats Receptores Ordinàries;Barcelona;;08028;Barcelonès;Les Corts
169164;311;Entitats Receptores Ordinàries;Badalona;;08917;Barcelonès; 
169192;312;Entitats Receptores Ordinàries;Barcelona;;08037;Barcelonès;L'Eixample
169195;313;Entitats Receptores Ordinàries;Barcelona;;08017;Barcelonès;Sarrià-Sant Gervasi
169200;314;Entitats Receptores Ordinàries;Cornellà de Llobregat;;08940;Baix Llobregat; 
210604;315;Entitats Receptores Ordinàries;Castellví de la Marca;;08732;Alt Penedès; 
190852;316;Entitats Receptores Ordinàries;Santa Coloma de Gramenet;;08923;Barcelonès; 
204201;317;Entitats Receptores Ordinàries;L'Hospitalet de Llobregat;;08904;Barcelonès; 
206557;318;Entitats Receptores Ordinàries;Barcelona;;08018;Barcelonès;Sant Martí
209201;319;Entitats Receptores Ordinàries;Montgat;;08390;Maresme; 
209376;320;Entitats Receptores Ordinàries;Sant Cugat del Vallès;;08197;Vallès Occidental; 
209442;321;Entitats Receptores Ordinàries;Barcelona;;08032;Barcelonès;Horta-Guinardó
207607;322;Entitats Receptores Ordinàries;Terrassa;;08223;Vallès Occidental; 
207491;323;Entitats Receptores Ordinàries;Barcelona;;08014;Barcelonès;Sants-Montjuic
179151;324;Entitats Receptores Ordinàries;Igualada;;08700;Anoia; 
206910;325;Entitats Receptores Ordinàries;Barcelona;;08015;Barcelonès;L'Eixample
206929;326;Entitats Receptores Ordinàries;Barcelona;;08015;Barcelonès;L'Eixample
208310;327;Entitats Receptores Ordinàries;Barcelona;;08015;Barcelonès;L'Eixample
229215;328;Entitats Receptores Ordinàries;Barcelona;;08005;Barcelonès;Sant Martí
239140;329;Entitats Receptores Ordinàries;L'Hospitalet de Llobregat;;08907;Barcelonès; 
239156;330;Entitats Receptores Ordinàries;Barcelona;;08035;Barcelonès;Horta-Guinardó
239165;331;Entitats Receptores Ordinàries;Terrassa;;08224;Vallès Occidental; 
239174;332;Entitats Receptores Ordinàries;Mataró;;08301;Maresme; 
239187;333;Entitats Receptores Ordinàries;Sitges;;08870;Garraf; 
239191;334;Entitats Receptores Ordinàries;Mataró;;08304;Maresme; 
239198;335;Entitats Receptores Ordinàries;Sant Boi de Llobregat;;08830;Baix Llobregat; 
239208;336;Entitats Receptores Ordinàries;Barcelona;;08026;Barcelonès;Sant Martí
239216;337;Entitats Receptores Ordinàries;Barcelona;;08035;Barcelonès;Horta-Guinardó
239223;338;Entitats Receptores Ordinàries;Barcelona;;08014;Barcelonès;Sants-Montjuic
239228;339;Entitats Receptores Ordinàries;La Torre de Claramunt;;08786;Anoia;
239237;340;Entitats Receptores Ordinàries;Barcelona;;08004;Barcelonès;Sants-Montjuic
1031938;341;Entitats Receptores Ordinàries;Granollers;;08400;Vallès Oriental; 
1031967;342;Entitats Receptores Ordinàries;Barcelona;;08024;Barcelonès;Sarrià-Sant Gervasi
1031991;343;Entitats Receptores Ordinàries;Badalona;;08918;Barcelonès; 
1032028;344;Entitats Receptores Ordinàries;Sabadell;;08201;Vallès Occidental; 
1032051;345;Entitats Receptores Ordinàries;Badalona;;08911;Barcelonès; 
1032078;346;Entitats Receptores Ordinàries;Barcelona;;08031;Barcelonès;Nou Barris
1032093;347;Entitats Receptores Ordinàries;Barcelona;;08030;Barcelonès;Sant Andreu
1037306;348;Entitats Receptores Ordinàries;Barcelona;;08026;Barcelonès;Sant Martí
1174964;349;Entitats Receptores Ordinàries;Barcelona;;08028;Barcelonès;Sants-Montjuic
1174991;350;Entitats Receptores Ordinàries;Caldes de Montbui;;08140;Vallès Oriental; 
1175032;351;Entitats Receptores Ordinàries;Santa Coloma de Gramenet;;08922;Barcelonès; 
1175094;352;Entitats Receptores Ordinàries;Barcelona;;08003;Barcelonès;Ciutat Vella
4362001;353;Entitats Receptores Ordinàries;Castellar del Vallès;;08211;Vallès Occidental; 
4362002;354;Entitats Receptores Ordinàries;Badalona;;08915;Barcelonès; 
4362010;355;Entitats Receptores Ordinàries;Barcelona;;08001;Barcelonès;Ciutat Vella
4362027;356;Entitats Receptores Ordinàries;Sant Boi de Llobregat;;08830;Baix Llobregat; 
4365100;357;Entitats Receptores Ordinàries;Badalona;;08915;Barcelonès; 
4365117;358;Entitats Receptores Ordinàries;Sant Pere de Ribes;;08810;Garraf; 
4365125;359;Entitats Receptores Ordinàries;Argentona;;08310;Maresme; 
4365133;360;Entitats Receptores Ordinàries;Rubí;;08191;Vallès Occidental; 
4365137;361;Entitats Receptores Ordinàries;L'Hospitalet de Llobregat;;08907;Barcelonès; 
4365144;362;Entitats Receptores Ordinàries;Sabadell;;08205;Vallès Occidental; 
4365164;363;Entitats Receptores Ordinàries;L'Hospitalet de Llobregat;;08907;Barcelonès; 
4365178;364;Entitats Receptores Ordinàries;Barcelona;;08034;Barcelonès;Sarrià-Sant Gervasi
4365193;365;Entitats Receptores Ordinàries;Barcelona;;08014;Barcelonès;Sants-Montjuic
4365197;366;Entitats Receptores Ordinàries;Barcelona;;08013;Barcelonès;L'Eixample
4365524;367;Entitats Receptores Ordinàries;Barcelona;;08013;Barcelonès;L'Eixample
4365533;368;Entitats Receptores Ordinàries;Sabadell;;08203;Vallès Occidental; 
4365547;369;Entitats Receptores Ordinàries;Barcelona;;08014;Barcelonès;Sants-Montjuic
4365561;370;Entitats Receptores Ordinàries;Sabadell;;08207;Vallès Occidental; 
4365573;371;Entitats Receptores Ordinàries;Barcelona;;08040;Barcelonès;Sants-Montjuic
4595504;372;Entitats Receptores Ordinàries;Barcelona;;08016;Barcelonès;Nou Barris
4595516;373;Entitats Receptores Ordinàries;Berga;;08600;Berguedà; 
4536501;374;Entitats Receptores Ordinàries;Martorell;;08760;Baix Llobregat; 
4595524;375;Entitats Receptores Ordinàries;Vic;;08500;Osona; 
4595525;376;Entitats Receptores Ordinàries;Barcelona;;08024;Barcelonès;Gràcia
4596815;377;Entitats Receptores Ordinàries;Barcelona;;08014;Barcelonès;Sants-Montjuic
4596821;378;Entitats Receptores Ordinàries;Calella;;08370;Maresme; 
4596838;379;Entitats Receptores Ordinàries;Cabrils;;08348;Maresme; 
4751000;380;Entitats Receptores Ordinàries;Terrassa;;08221;Vallès Occidental; 
4751001;381;Entitats Receptores Ordinàries;Badalona;;08917;Barcelonès; 
4711931;382;Entitats Receptores Ordinàries;Santa Coloma de Gramenet;;08924;Barcelonès; 
4751002;383;Entitats Receptores Ordinàries;Barcelona;;08005;Barcelonès;Sant Martí
4751003;384;Entitats Receptores Ordinàries;Barcelona;;08009;Barcelonès;L'Eixample
4713100;385;Entitats Receptores Ordinàries;Ripollet;;08291;Vallès Occidental; 
4713112;386;Entitats Receptores Ordinàries;Barcelona;;08031;Barcelonès;Nou Barris
4713122;387;Entitats Receptores Ordinàries;Barcelona;;08025;Barcelonès;L'Eixample
4715000;388;Entitats Receptores Ordinàries;La Llagosta;;08120;Vallès Oriental; 
4715010;389;Entitats Receptores Ordinàries;Barcelona;;08007;Barcelonès;L'Eixample
4892605;390;Entitats Receptores Ordinàries;El Prat de Llobregat;;08820;Baix Llobregat; 
4892606;391;Entitats Receptores Ordinàries;Cubelles;;08880;Garraf; 
4892607;392;Entitats Receptores Ordinàries;Barcelona;;08032;Barcelonès;Horta-Guinardó
4892608;393;Entitats Receptores Ordinàries;La Roca del Vallès;;08430;Vallès Oriental;
4892609;394;Entitats Receptores Ordinàries;Mollet del Vallès;;08100;Vallès Oriental; 
4892610;395;Entitats Receptores Ordinàries;Llinars del Vallès;;08450;Vallès Oriental; 
4892611;396;Entitats Receptores Ordinàries;Sabadell;;08202;Vallès Occidental; 
4993701;397;Entitats Receptores Ordinàries;Terrassa;;08223;Vallès Occidental; 
4993711;398;Entitats Receptores Ordinàries;L'Hospitalet de Llobregat;;08907;Barcelonès; 
4993717;399;Entitats Receptores Ordinàries;Barcelona;;08001;Barcelonès;Ciutat Vella
4993727;400;Entitats Receptores Ordinàries;Premià de Mar;;08330;Maresme; 
4993739;401;Entitats Receptores Ordinàries;Caldes de Montbui;;08140;Vallès Oriental; 
4993758;402;Entitats Receptores Ordinàries;Sabadell;;08207;Vallès Occidental; 
4993769;403;Entitats Receptores Ordinàries;Piera;;08784;Anoia; 
4993783;404;Entitats Receptores Ordinàries;Barcelona;;08033;Barcelonès;Nou Barris
4993788;405;Entitats Receptores Ordinàries;Mollet del Vallès;;08100;Vallès Oriental; 
4993799;406;Entitats Receptores Ordinàries;Barcelona;;08025;Barcelonès;Gràcia
4994206;407;Entitats Receptores Ordinàries;Barcelona;;08025;Barcelonès;Gràcia
4994213;408;Entitats Receptores Ordinàries;Barcelona;;08025;Barcelonès;L'Eixample
5150402;409;Entitats Receptores Ordinàries;Canovelles;;08420;Vallès Oriental; 
5150401;410;Entitats Receptores Ordinàries;Caldes d'Estrac;;08393;Maresme; 
5150416;411;Entitats Receptores Ordinàries;Badalona;;08912;Barcelonès; 
5150424;412;Entitats Receptores Ordinàries;Barcelona;;08027;Barcelonès;Sant Andreu
5150433;413;Entitats Receptores Ordinàries;Barcelona;;08032;Barcelonès;Horta-Guinardó
5150441;414;Entitats Receptores Ordinàries;Esplugues de Llobregat;;08950;Baix Llobregat; 
5150451;415;Entitats Receptores Ordinàries;Sant Vicenç de Castellet;;08295;Bages;
5150459;416;Entitats Receptores Ordinàries;Barcelona;;08042;Barcelonès;Nou Barris
5150469;417;Entitats Receptores Ordinàries;Castelldefels;;08860;Baix Llobregat; 
5150475;418;Entitats Receptores Ordinàries;Sant Celoni;;08470;Vallès Oriental; 
5150489;419;Entitats Receptores Ordinàries;Montcada i Reixac;;08110;Vallès Occidental; 
5150481;420;Entitats Receptores Ordinàries;L'Hospitalet de Llobregat;;08907;Barcelonès; 
5150493;421;Entitats Receptores Ordinàries;Sant Pere de Ribes;;08810;Garraf; 
5279401;422;Entitats Receptores Ordinàries;Sabadell;;08207;Vallès Occidental; 
5279411;423;Entitats Receptores Ordinàries;Barcelona;;08023;Barcelonès;Gràcia
5279453;424;Entitats Receptores Ordinàries;Manresa;;08240;Bages; 
5279461;425;Entitats Receptores Ordinàries;Manresa;;08241;Bages; 
5279469;426;Entitats Receptores Ordinàries;Vallbona d'Anoia;;08785;Anoia; 
5279476;427;Entitats Receptores Ordinàries;Vic;;08500;Osona; 
5279900;428;Entitats Receptores Ordinàries;Parets del Vallès;;08150;Vallès Oriental; 
5279912;429;Entitats Receptores Ordinàries;Barcelona;;08014;Barcelonès;Sants-Montjuic
5279918;430;Entitats Receptores Ordinàries;Sant Antoni de Vilamajor;;08459;Vallès Oriental; 
5279925;431;Entitats Receptores Ordinàries;Barberà del Vallès;;08210;Vallès Occidental; 
5279933;432;Entitats Receptores Ordinàries;Sant Quirze de Besora;;08580;Osona; 
5419100;433;Entitats Receptores Ordinàries;Barcelona;;08002;Barcelonès;Ciutat Vella
5419400;434;Entitats Receptores Ordinàries;Barcelona;;08027;Barcelonès;Sant Andreu
5419420;435;Entitats Receptores Ordinàries;Montcada I Reixac;;08110;Vallès Occidental;
5419428;436;Entitats Receptores Ordinàries;Lliçà d'Amunt;;08186;Vallès Oriental; 
5419435;437;Entitats Receptores Ordinàries;Sabadell;;08202;Vallès Occidental;
5419457;438;Entitats Receptores Ordinàries;Sant Pere de Ribes;;08810;Garraf; 
5419475;439;Entitats Receptores Ordinàries;Berga;;08600;Berguedà; 
5419480;440;Entitats Receptores Ordinàries;Esplugues de Llobregat;;08950;Baix Llobregat; 
5419487;441;Entitats Receptores Ordinàries;Palau-solità i Plegamans;;08184;Vallès Occidental; 
5419493;442;Entitats Receptores Ordinàries;Barcelona;;08001;Barcelonès;Ciutat Vella
5419807;443;Entitats Receptores Ordinàries;Pineda de Mar;;08397;Maresme; 
5419813;444;Entitats Receptores Ordinàries;Esplugues de Llobregat;;08950;Baix Llobregat; 
5419824;445;Entitats Receptores Ordinàries;Arenys de Mar;;08350;Maresme; 
5420300;446;Entitats Receptores Ordinàries;Vallirana;;08759;Baix Llobregat; 
5420309;447;Entitats Receptores Ordinàries;Barcelona;;08014;Barcelonès;Sants-Montjuic
5420316;448;Entitats Receptores Ordinàries;Barcelona;;08032;Barcelonès;Horta-Guinardó
5420325;449;Entitats Receptores Ordinàries;Vilanova i la Geltrú;;08800;Garraf; 
5420330;450;Entitats Receptores Ordinàries;Barcelona;;08026;Barcelonès;Sant Martí
5420337;451;Entitats Receptores Ordinàries;Badalona;;08917;Barcelonès; 
5420343;452;Entitats Receptores Ordinàries;Sabadell;;08205;Vallès Occidental; 
5420348;453;Entitats Receptores Ordinàries;Sabadell;;08206;Vallès Occidental; 
5420354;454;Entitats Receptores Ordinàries;Sabadell;;08202;Vallès Occidental; 
5420363;455;Entitats Receptores Ordinàries;Sabadell;;08206;Vallès Occidental; 
5420368;456;Entitats Receptores Ordinàries;Sant Sadurní d'Anoia;;08770;Alt Penedès; 
5420375;457;Entitats Receptores Ordinàries;Barcelona;;08005;Barcelonès;Sant Martí
5611305;458;Entitats Receptores Ordinàries;Barcelona;;08033;Barcelonès;Nou Barris
5611308;459;Entitats Receptores Ordinàries;Sabadell;;08206;Vallès Occidental; 
5611319;460;Entitats Receptores Ordinàries;Vallgorguina;;08470;Vallès Oriental; 
5611331;461;Entitats Receptores Ordinàries;Berga;;08600;Berguedà; 
5611342;462;Entitats Receptores Ordinàries;Barcelona;;08021;Barcelonès;Sarrià-Sant Gervasi
5612500;463;Entitats Receptores Ordinàries;Sant Quirze del Vallès;;08192;Vallès Occidental; 
5612503;464;Entitats Receptores Ordinàries;Sabadell;;08202;Vallès Occidental; 
5612508;465;Entitats Receptores Ordinàries;Badia del Vallès;;08214;Vallès Occidental; 
5612512;466;Entitats Receptores Ordinàries;Barcelona;;08031;Barcelonès;Nou Barris
5612521;467;Entitats Receptores Ordinàries;L'Ametlla del Vallès;;08480;Vallès Oriental; 
5643000;468;Entitats Receptores Ordinàries;Castelldefels;;08860;Baix Llobregat; 
5658600;469;Entitats Receptores Ordinàries;L'Hospitalet de Llobregat;;08902;Barcelonès; 
5832900;470;Entitats Receptores Ordinàries;Barcelona;;08031;Barcelonès;Horta-Guinardó
5832906;471;Entitats Receptores Ordinàries;Barcelona;;08016;Barcelonès;Nou Barris
5832911;472;Entitats Receptores Ordinàries;Súria;;08260;Bages; 
5832915;473;Entitats Receptores Ordinàries;Vilanova i La Geltrú;;08800;Garraf; 
5832918;474;Entitats Receptores Ordinàries;Cervelló;;08758;Baix Llobregat; 
6066202;475;Entitats Receptores Ordinàries;Begues;;08859;Baix Llobregat; 
6066901;476;Entitats Receptores Ordinàries;Roda de Ter;;08510;Osona; 
6066907;477;Entitats Receptores Ordinàries;Torelló;;08570;Osona; 
6066919;478;Entitats Receptores Ordinàries;Igualada;;08700;Anoia; 
6066924;479;Entitats Receptores Ordinàries;Molins de Rei;;08750;Baix Llobregat; 
6066930;480;Entitats Receptores Ordinàries;El Prat de Llobregat;;08820;Baix Llobregat; 
6066938;481;Entitats Receptores Ordinàries;Manresa;;08241;Bages; 
6066947;482;Entitats Receptores Ordinàries;Barberà del Vallès;;08210;Vallès Occidental; 
6066955;483;Entitats Receptores Ordinàries;Sant Celoni;;08470;Vallès Oriental; 
6073601;484;Entitats Receptores Ordinàries;Barcelona;;08027;Barcelonès;Sant Andreu
6073609;485;Entitats Receptores Ordinàries;Sant Fost de Campsentelles;;08105;Vallès Oriental; 
6073622;486;Entitats Receptores Ordinàries;Artés;;08271;Bages; 
6073900;487;Entitats Receptores Ordinàries;Montornès del Vallès;;08170;Vallès Oriental; 
6073907;488;Entitats Receptores Ordinàries;Santa Susanna;;08398;Maresme; 
6073911;489;Entitats Receptores Ordinàries;Pineda de Mar;;08397;Maresme; 
6073917;490;Entitats Receptores Ordinàries;Barcelona;;08024;Barcelonès;Gràcia
6073923;491;Entitats Receptores Ordinàries;Polinyà;;08312;Vallès Occidental; 
6073929;492;Entitats Receptores Ordinàries;Santa Coloma de Gramenet;;08921;Barcelonès; 
6074605;493;Entitats Receptores Ordinàries;Terrassa;;08223;Vallès Occidental; 
6074606;494;Entitats Receptores Ordinàries;Sabadell;;08208;Vallès Occidental; 
6155700;495;Entitats Receptores Ordinàries;Sant Joan Despí;;08970;Baix Llobregat; 
6157700;496;Entitats Receptores Ordinàries;Terrassa;;08224;Vallès Occidental; 
6157708;497;Entitats Receptores Ordinàries;Gavà;;08850;Baix Llobregat; 
6157713;498;Entitats Receptores Ordinàries;Martorelles;;08107;Vallès Oriental; 
6179901;499;Entitats Receptores Ordinàries;La Garriga;;08530;Vallès Oriental; 
6190603;500;Entitats Receptores Ordinàries;Barcelona;;08002;Barcelonès;Ciutat Vella
6200500;501;Entitats Receptores Ordinàries;Vilassar de Dalt;;08339;Maresme; 
6262200;502;Entitats Receptores Ordinàries;Cabrera de Mar;;08349;Maresme; 
6321800;503;Entitats Receptores Ordinàries;Vilafranca del Penedès;;08720;Alt Penedès; 
6321819;504;Entitats Receptores Ordinàries;Barcelona;;08031;Barcelonès;Nou Barris
6321816;505;Entitats Receptores Ordinàries;Barcelona;;08024;Barcelonès;Gràcia
6325508;506;Entitats Receptores Ordinàries;La Pobla de Claramunt;;08500;Anoia; 
6321827;507;Entitats Receptores Ordinàries;Sant Adrià de Besòs;;08930;Barcelonès; 
6325500;508;Entitats Receptores Ordinàries;Santa Eulàlia de Ronçana;;08187;Vallès Oriental; 
6374001;509;Entitats Receptores Ordinàries;Gavà;;08850;Baix Llobregat; 
6374200;510;Entitats Receptores Ordinàries;Santa Margarida i els Monjos;;08730;Alt Penedès; 
6374207;511;Entitats Receptores Ordinàries;Barcelona;;08031;Barcelonès;Nou Barris
6374212;512;Entitats Receptores Ordinàries;Barcelona;;08042;Barcelonès;Nou Barris
6406801;513;Entitats Receptores Ordinàries;Corbera de Llobregat;;08757;Baix Llobregat; 
6410807;514;Entitats Receptores Ordinàries;Barcelona;;08014;Barcelonès;Sants-Montjuic
6438701;515;Entitats Receptores Ordinàries;Barcelona;;08042;Barcelonès;Nou Barris
6480500;516;Entitats Receptores Ordinàries;Mataró;;08304;Maresme; 
6605000;517;Entitats Receptores Ordinàries;Prats de Lluçanès;;08513;Osona; 
6605006;518;Entitats Receptores Ordinàries;Caldes de Montbui;;08140;Vallès Oriental; 
6605014;519;Entitats Receptores Ordinàries;Moià;;08180;Bages; 
6605020;520;Entitats Receptores Ordinàries;Bigues i Riells;;08415;Vallès Oriental; 
6605028;521;Entitats Receptores Ordinàries;La Llagosta;;08120;Vallès Oriental; 
6605034;522;Entitats Receptores Ordinàries;Llinars del Vallès;;08450;Vallès Oriental; 
6631100;523;Entitats Receptores Ordinàries;Sabadell;;08205;Vallès Occidental; 
6631101;524;Entitats Receptores Ordinàries;Sabadell;;08204;Vallès Occidental; 
6631102;525;Entitats Receptores Ordinàries;Sabadell;;08204;Vallès Occidental; 
6631103;526;Entitats Receptores Ordinàries;Sabadell;;08202;Vallès Occidental; 
6635000;527;Entitats Receptores Ordinàries;Cornellà de Llobregat;;08940;Baix Llobregat; 
6635008;528;Entitats Receptores Ordinàries;Sant Feliu de Codines;;08182;Vallès Oriental; 
6655200;529;Entitats Receptores Ordinàries;Barcelona;;08020;Barcelonès;Sant Martí
6660903;530;Entitats Receptores Ordinàries;Barcelona;;08042;Barcelonès;Nou Barris
6775300;531;Entitats Receptores Ordinàries;Rubí;;08191;Vallès Occidental; 
6775305;532;Entitats Receptores Ordinàries;Tona;;08551;Osona; 
6776000;533;Entitats Receptores Ordinàries;Capellades;;08786;Anoia; 
6776009;534;Entitats Receptores Ordinàries;L'Hospitalet de Llobregat;;08901;Barcelonès; 
6776016;535;Entitats Receptores Ordinàries;Canet de Mar;;08360;Maresme; 
6776506;536;Entitats Receptores Ordinàries;Manlleu;;08560;Osona; 
6780500;537;Entitats Receptores Ordinàries;Montgat;;08390;Maresme; 
6780600;538;Entitats Receptores Ordinàries;Malgrat de Mar;;08380;Maresme; 
6820300;539;Entitats Receptores Ordinàries;Barcelona;;08030;Barcelonès;Sant Andreu
6825501;540;Entitats Receptores Ordinàries;Sabadell;;08203;Vallès Occidental; 
6865400;541;Entitats Receptores Ordinàries;Barcelona;;08033;Barcelonès;Nou Barris
6909700;542;Entitats Receptores Ordinàries;Barcelona;;08023;Barcelonès;Gràcia
6916606;543;Entitats Receptores Ordinàries;El Masnou;;08320;Maresme; 
6927400;544;Entitats Receptores Ordinàries;Vacarisses;;08233;Vallès Occidental; 
6985900;545;Entitats Receptores Ordinàries;Premià de Mar;;08330;Maresme; 
7009906;546;Entitats Receptores Ordinàries;Teià;;08329;Maresme; 
7009912;547;Entitats Receptores Ordinàries;Sant Vicenç de Castellet;;08285;Bages; 
7012600;548;Entitats Receptores Ordinàries;Sabadell;;08201;Vallès Occidental; 
7012608;549;Entitats Receptores Ordinàries;Castelldefels;;08860;Baix Llobregat; 
7037901;550;Entitats Receptores Ordinàries;Santa Coloma de Gramenet;;08921;Barcelonès; 
7055000;551;Entitats Receptores Ordinàries;Masquefa;;08783;Anoia; 
7055500;552;Entitats Receptores Ordinàries;Sant Fruitós de Bages;;08272;Bages; 
7055510;553;Entitats Receptores Ordinàries;El Masnou;;08320;Maresme; 
7055515;554;Entitats Receptores Ordinàries;Arenys de Munt;;08358;Maresme; 
7055521;555;Entitats Receptores Ordinàries;Berga;;08600;Berguedà; 
7055525;556;Entitats Receptores Ordinàries;Alella;;08328;Maresme; 
7055532;557;Entitats Receptores Ordinàries;Caldes d'Estrac;;08393;Maresme; 
7057200;558;Entitats Receptores Ordinàries;Barcelona;;08013;Barcelonès;L'Eixample
7076000;559;Entitats Receptores Ordinàries;Moià;;08180;Bages; 
7190301;560;Entitats Receptores Ordinàries;Les Franqueses del Vallès;;08250;Vallès Oriental; 
7190323;561;Entitats Receptores Ordinàries;Santa Perpètua de Mogoda;;08130;Vallès Occidental; 
7204800;562;Entitats Receptores Ordinàries;Vilanova i la Geltrú;;08800;Garraf; 
7286302;563;Entitats Receptores Ordinàries;Barcelona;;08013;Barcelonès;L'Eixample
7318100;565;Entitats Receptores Ordinàries;Argentona;;08310;Maresme; 
7318115;566;Entitats Receptores Ordinàries;Gavà;;08850;Baix Llobregat; 
7415804;567;Entitats Receptores Ordinàries;Sitges;;08870;Garraf; 
7415819;568;Entitats Receptores Ordinàries;Sant Quirze del Vallès;;08194;Vallès Occidental; 
7502000;569;Entitats Receptores Ordinàries;Santa Coloma de Cervelló;;08690;Baix Llobregat; 
7647400;570;Entitats Receptores Ordinàries;Sant Adrià de Besòs;;08930;Barcelonès; 
7796102;571;Entitats Receptores Ordinàries;Gavà;;08850;Baix Llobregat; 
1563;572;Entitats Receptores Ordinàries;Torrelles de Llobregat;;08629;Baix Llobregat; 
8124704;573;Entitats Receptores Ordinàries;Santa Margarida de Montbui;;08710;Anoia;
8124900;574;Entitats Receptores Ordinàries;Tordera;;08490;Maresme;
8221304;575;Entitats Receptores Ordinàries;Vilanova del Vallès;;08410;Vallès Oriental;
1179362;576;Entitats Receptores Ordinàries;Centelles;;08540;Osona;
8223804;577;Entitats Receptores Ordinàries;Callús;;08262;Bages;
8248102;578;Entitats Receptores Ordinàries;Sallent;;08650;Bages;
8313701;579;Entitats Receptores Ordinàries;Barcelona;;08035;Barcelonès;Horta-Guinardó
8313715;580;Entitats Receptores Ordinàries;Barcelona;;08035;Barcelonès;Horta-Guinardó
8313733;581;Entitats Receptores Ordinàries;Barcelona;;08035;Barcelonès;Horta-Guinardó
8394100;582;Entitats Receptores Ordinàries;Òdena;;08711;Anoia;
8442900;583;Entitats Receptores Ordinàries;Sant Andreu de la Barca;;08740;Baix Llobregat;
8452800;584;Entitats Receptores Ordinàries;Tiana;;08391;Maresme;
8486600;585;Entitats Receptores Ordinàries;Sant Andreu de Llavaneras;;08392;Maresme;
NOVA 2017;586;Entitats Receptores Ordinàries;Badia del Vallès;;08214;Vallès Occidental;
NOVA 2017;587;Entitats Receptores Ordinàries;Vacarisses;;08233;Vallès Occidental;
NOVA 2017;588;Entitats Receptores Ordinàries;Barcelona;;08015;Barcelonès;L'Eixample
1249978;701;Altres Entitats Receptores;Vic;;08310;Maresme; 
4091167;702;Altres Entitats Receptores;Vic;;08500;Osona;
144582;802;Entitats Receptores Ordinàries;Rubí;;08191;Vallès Occidental;
144585;805;Altres Entitats Receptores;Barcelona;;08002;Barcelonès;Ciutat Vella
144586;806;Altres Entitats Receptores;Sant Cugat del Vallès;;08190;Vallès Occidental; 
164426;808;Altres Entitats Receptores;Sabadell;;08208;Vallès Occidental;
164967;809;Altres Entitats Receptores;Barcelona;;08016;Barcelonès;Nou Barris
165852;810;Altres Entitats Receptores;Barcelona;;08005;Barcelonès;Sant Martí
166279;811;Altres Entitats Receptores;;;;;
169928;812;Altres Entitats Receptores;El Prat de Llobregat;;08820;Baix Llobregat;
169951;813;Altres Entitats Receptores;;;;;
171174;814;Altres Entitats Receptores;;;;;
176800;816;Altres Entitats Receptores;;;;;
178422;817;Altres Entitats Receptores;Barcelona;;08002;Barcelonès;Ciutat Vella
184355;819;Altres Entitats Receptores;;;;;
186127;820;Altres Entitats Receptores;Sant Boi de Llobregat;;08830;Baix Llobregat;
189278;822;Altres Entitats Receptores;L'Hospitalet de Llobregat;;08901;Barcelonès;
198105;825;Altres Entitats Receptores;;;;;
207851;828;Altres Entitats Receptores;;;;;
210715;829;Altres Entitats Receptores;Barcelona;;08002;Barcelonès;Ciutat Vella
218807;830;Altres Entitats Receptores;;;;;
223902;831;Altres Entitats Receptores;Barcelona;;08017;Barcelonès;Sarrià-Sant Gervasi
224353;832;Altres Entitats Receptores;Barcelona;;08005;Barcelonès;Sant Martí
225179;833;Altres Entitats Receptores;Mollet del Vallès;;08100;Vallès Oriental; 
229080;834;Altres Entitats Receptores;Montmeló;;08160;Vallès Oriental;
232896;835;Altres Entitats Receptores;Barcelona;;08032;Barcelonès;Horta-Guinardó
233817;836;Altres Entitats Receptores;Barcelona;;08005;Barcelonès;Sant Martí
235054;837;Altres Entitats Receptores;;;;;
249738;839;Altres Entitats Receptores;;;;;
1049854;840;Altres Entitats Receptores;Barcelona;;08002;Barcelonès;Ciutat Vella
1562;900;Destruccions;;;;;
8243701;902;Destruccions;;;;;
5503603;903;Destruccions;;;;;
4262866;905;Sense Identificar;;;;;
7177600;906;Destruccions;;;;;
144590;910;Altres Bancs d'Aliments;BADAJOZ;;06005; ; 
145150;911;Altres Bancs d'Aliments;VITORIA;;01010; ; 
148687;912;Altres Bancs d'Aliments;SEVILLA;;41001; ; 
148684;913;Altres Bancs d'Aliments;CÁCERES;;10195; ; 
148685;914;Altres Bancs d'Aliments;SANTANDER;;39006; ; 
148686;915;Altres Bancs d'Aliments;GRANADA;;18015; ; 
149411;916;Altres Bancs d'Aliments;REUS;;43204;; 
149512;917;Altres Bancs d'Aliments;ALBACETE;;02006; ; 
151153;918;Altres Bancs d'Aliments;SALAMANCA;;37003; ; 
157498;919;Altres Bancs d'Aliments;LUGO;;27004; ; 
152594;920;Altres Bancs d'Aliments;PALENCIA;;34005; ; 
157499;921;Altres Bancs d'Aliments;CÁDIZ;;11011; ; 
157500;922;Altres Bancs d'Aliments;CARTAGENA;;30202; ; 
157501;923;Altres Bancs d'Aliments;SEGOVIA;;40080; ; 
157502;924;Altres Bancs d'Aliments;VIGO;;36206; ; 
157503;925;Altres Bancs d'Aliments;VALLADOLID;;47008; ; 
157504;926;Altres Bancs d'Aliments;AGUADULCE;;04720; ; 
157505;927;Altres Bancs d'Aliments;PONFERRADA;;24400; ; 
157506;928;Altres Bancs d'Aliments;GIRONA;;17002;; 
157507;929;Altres Bancs d'Aliments;BURGOS;;09007; ; 
157508;930;Altres Bancs d'Aliments;OIARTZUN;;20180; ; 
157509;931;Altres Bancs d'Aliments;ZARAGOZA;;50015; ; 
157510;932;Altres Bancs d'Aliments;CÓRDOBA;;14014; ; 
157511;933;Altres Bancs d'Aliments;ALGECIRAS;;11203; ; 
157512;934;Altres Bancs d'Aliments;PALMA DE MALLORCA;;07001; ; 
157513;935;Altres Bancs d'Aliments;TOLEDO;;45004; ; 
157514;936;Altres Bancs d'Aliments;MÁLAGA;;29196; ; 
157515;937;Altres Bancs d'Aliments;POBLA DE VALLBONA;;46185; ; 
157516;938;Altres Bancs d'Aliments;OVIEDO;;33012; ; 
157517;939;Altres Bancs d'Aliments;OURENSE;;32005; ; 
157518;940;Altres Bancs d'Aliments;LEON;;24006; ; 
157519;941;Altres Bancs d'Aliments;BASAURI;;48970; ; 
157520;942;Altres Bancs d'Aliments;PAMPLONA;;31013; ; 
157521;943;Altres Bancs d'Aliments;HUELVA;;21003; ; 
157522;944;Altres Bancs d'Aliments;MADRID;;28049; ; 
171082;945;Altres Bancs d'Aliments;ALICANTE;;03007; ; 
194147;946;Altres Bancs d'Aliments;JAEN;;23001; ; 
253317;947;Altres Bancs d'Aliments;VAREA;;26006; ; 
253318;948;Altres Bancs d'Aliments;LA CORUÑA;;15007; ; 
253319;949;Altres Bancs d'Aliments;GUADALAJARA;;19004; ; 
253320;950;Altres Bancs d'Aliments;LAS PALMAS;;35006; ; 
4571527;951;Altres Bancs d'Aliments;Lleida;;25190;; 
5065470;952;Altres Bancs d'Aliments;AVILA;;05001; ; 
5592212;953;Altres Bancs d'Aliments;CORDOBA;;14001;;
5888001;954;Altres Bancs d'Aliments;ZAMORA;;49029; ; 
6287202;955;Altres Bancs d'Aliments;CEUTA;;51002; ; 
6395716;956;Altres Bancs d'Aliments;MALAGA;;29001;;
6395717;957;Altres Bancs d'Aliments;CIUDAD REAL;;13001;;
7391501;958;Altres Bancs d'Aliments;CASTELLÓN DE LA PLANA;;12001;;
7838217;959;Altres Bancs d'Aliments;IBIZA;;07800;;
NOVA 2017;960;Altres Bancs d'Aliments;SORIA;;42001;;
NOVA 2017;970;Altres Col·lectius;Barcelona;;08038;Barcelonès;Sants-Montjuic
6730604;983;Altres Entitats Receptores;;;;;
8505300;991;Traspassos;;;;;
200303;992;Altres Col·lectius;;;;;
132057;993;Altres Col·lectius;;;;;
1565;994;Altres Col·lectius;;;;;
1566;995;Altres Bancs d'Aliments;;;;;
1000636;996;Traspassos;;;;;
1561;997;Regularitzacions;;;;;
233002;998;Regularitzacions;;;;;
1570;999;Altres Col·lectius;;;;;
NOVA 2017;1000;Regularitzacions;Barcelona;;08040;Barcelonès;Sants-Montjuic
NOVA 2017;1001;Regularitzacions;Barcelona;;08040;Barcelonès;Sants-Montjuic
NOVA 2017;1002;Regularitzacions;Barcelona;;08040;Barcelonès;Sants-Montjuic
NOVA 2017;1003;Regularitzacions;Barcelona;;08040;Barcelonès;Sants-Montjuic
NOVA 2017;1004;Regularitzacions;Barcelona;;08040;Barcelonès;Sants-Montjuic
7499102;2011;Altres Entitats Receptores;Barcelona;;08017;Barcelonès;Sarrià-Sant Gervasi
7499105;2012;Altres Entitats Receptores;Vilanova i la Geltrú;;08800;Garraf; 
7502200;2013;Altres Entitats Receptores;Olesa de Montserrat;;08640;Baix Llobregat; 
7502202;2014;Altres Entitats Receptores;Cardedeu;;08440;Vallès Oriental; 
7502204;2015;Altres Entitats Receptores;Sant Climent de LLobregat;;08849;Baix Llobregat; 
7502206;2019;Altres Entitats Receptores;Avinyonet del Penedès;;08793;Alt Penedès; 
7502208;2021;Altres Entitats Receptores;Barcelona;;08029;Barcelonès;L'Eixample
7502210;2023;Altres Entitats Receptores;Caldes d'Estrac;;08393;Maresme; 
7502212;2024;Altres Entitats Receptores;Sabadell;;08206;Vallès Occidental; 
7502214;2031;Altres Entitats Receptores;Bagà;;08695;Berguedà; 
7502217;2033;Altres Entitats Receptores;Sabadell;;08203;Vallès Occidental; 
7502219;2034;Altres Entitats Receptores;Vilafranca del Penedès;;08720;Alt Penedès; 
7502220;2035;Altres Entitats Receptores;Sabadell;;08206;Vallès Occidental; 
7502222;2037;Altres Entitats Receptores;Canet de Mar;;08360;Maresme; 
7502224;2038;Altres Entitats Receptores;Vilassar de Dalt;;08339;Maresme; 
7502226;2040;Altres Entitats Receptores;Badalona;;08911;Barcelonès; 
7502227;2045;Altres Entitats Receptores;Barcelona;;08001;Barcelonès;Ciutat Vella
7532404;2046;Altres Entitats Receptores;Barcelona;;08004;Barcelonès;Sants-Montjuic
NOVA 2017;2047;Altres Entitats Receptores;Cardona;;08261;Bages;
NOVA 2017;2048;Altres Entitats Receptores;Barcelona;;08032;Barcelonès;Horta-Guinardó
NOVA 2017;2049;Altres Entitats Receptores;La Torre de Claramunt;;08786;Anoia;
NOVA 2017;3000;Altres Entitats Receptores;;;;;
NOVA 2017;3001;Altres Entitats Receptores;Vilafranca del Penedès;;08720;Alt Penedès;
NOVA 2017;3002;Altres Entitats Receptores;Sant Sadurní d'Anoia;;08770;Anoia;
NOVA 2017;3003;Altres Entitats Receptores;Manresa;;08240;Bages;
NOVA 2017;3004;Altres Entitats Receptores;Sant Felíu de Llobregat;;08980;Baix Llobregat;
NOVA 2017;3005;Altres Entitats Receptores;Berga;;08600;Berguedà;
NOVA 2017;3006;Altres Entitats Receptores;Vilanova i la Geltrú;;08800;Garraf;
NOVA 2017;3007;Altres Entitats Receptores;Mataró;;08301;Maresme;
NOVA 2017;3008;Altres Entitats Receptores;Vic;;08500;Osona;
NOVA 2017;3009;Altres Entitats Receptores;Sabadell;;08201;Vallès Occidental;
NOVA 2017;3010;Altres Entitats Receptores;Granollers;;08401;Vallès Oriental;
NOVA 2017;3011;Altres Entitats Receptores;Barcelona;;08001;Barcelonès;Ciutat Vella
5072600;5001;Altres Entitats Receptores;Piera;;08784;Anoia; 
5106500;5002;Altres Entitats Receptores;Gironella;;08680;Berguedà; 
5117601;5003;Altres Entitats Receptores;Olesa de Montserrat;;08640;Baix Llobregat; 
5213318;5004;Altres Entitats Receptores;Súria;;08260;Bages; 
5365227;5005;Altres Entitats Receptores;Navarcles;;08270;Bages; 
5412702;5006;Altres Entitats Receptores;Cardona;;08261;Bages; 
6485600;5007;Altres Entitats Receptores;Barcelona;;08023;Barcelonès;Gràcia
6679502;5008;Altres Entitats Receptores;Manlleu;;08560;Osona; 
6686100;5009;Altres Entitats Receptores;Sant Vicenç dels Horts;;08620;Baix Llobregat; 
7258600;5010;Altres Entitats Receptores;Sant Adrià de Besòs;;08930;Barcelonès; 
5432900;6001;Altres Entitats Receptores;Barcelona;;08008;Barcelonès;L'Eixample
5432905;6002;Altres Entitats Receptores;Berga;;08600;Berguedà; 
5432907;6003;Altres Entitats Receptores;Barcelona;;08012;Barcelonès;Gràcia
5432909;6004;Altres Entitats Receptores;Badalona;;08914;Barcelonès; 
5432911;6005;Altres Entitats Receptores;Barcelona;;08001;Barcelonès;Ciutat Vella
5432918;6006;Altres Entitats Receptores;Terrassa;;08221;Vallès Occidental; 
5432920;6007;Altres Entitats Receptores;Mollet del Vallès;;08100;Vallès Oriental;
5432922;6008;Altres Entitats Receptores;L'Hospitalet de Llobregat;;08907;Barcelonès;
5432925;6009;Altres Entitats Receptores;L'Hospitalet de Llobregat;;08907;Barcelonès; 
5432927;6010;Altres Entitats Receptores;Barcelona;;08017;Barcelonès;Sarrià-Sant Gervasi
5432929;6011;Altres Entitats Receptores;Barcelona;;08016;Barcelonès;Nou Barris
5432931;6012;Altres Entitats Receptores;Cerdanyola del Vallès;;08193;Vallès Occidental; 
5432934;6013;Altres Entitats Receptores;Gironella;;08680;Berguedà; 
5432936;6014;Altres Entitats Receptores;Barcelona;;08001;Barcelonès;Ciutat Vella
5432938;6015;Altres Entitats Receptores;Artés;;08271;Bages; 
5432940;6016;Altres Entitats Receptores;Barcelona;;08013;Barcelonès;L'Eixample
5432943;6017;Altres Entitats Receptores;Barcelona;;08001;Barcelonès;Ciutat Vella
5432947;6019;Altres Entitats Receptores;Barcelona;;08002;Barcelonès;Ciutat Vella
5432949;6020;Altres Entitats Receptores;Sabadell;;08202;Vallès Occidental; 
5432951;6021;Altres Entitats Receptores;Barcelona;;08001;Barcelonès;Ciutat Vella
5435400;6022;Altres Entitats Receptores;Gavà;;08850;Baix Llobregat; 
5435402;6023;Altres Entitats Receptores;Barcelona;;08017;Barcelonès;Sarrià-Sant Gervasi
5435410;6027;Altres Entitats Receptores;Barcelona;;08001;Barcelonès;Ciutat Vella
5435412;6028;Altres Entitats Receptores;Barcelona;;08014;Barcelonès;Sants-Montjuic
5435414;6029;Altres Entitats Receptores;Lliçà d'Amunt;;08186;Vallès Oriental; 
5435418;6031;Altres Entitats Receptores;Barcelona;;08015;Barcelonès;L'Eixample
5435420;6032;Altres Entitats Receptores;Barcelona;;08024;Barcelonès;Gràcia
5435422;6033;Altres Entitats Receptores;Barcelona;;08031;Barcelonès;Nou Barris
5435424;6034;Altres Entitats Receptores;Barcelona;;08018;Barcelonès;Sant Martí
5435426;6035;Altres Entitats Receptores;Barcelona;;08017;Barcelonès;Sarrià-Sant Gervasi
5435428;6036;Altres Entitats Receptores;Barcelona;;08018;Barcelonès;Sant Martí
5435430;6037;Altres Entitats Receptores;Sant Adrià de Besòs;;08930;Barcelonès; 
5435433;6038;Altres Entitats Receptores;L'Hospitalet de Llobregat;;08902;Barcelonès; 
5435435;6039;Altres Entitats Receptores;Badalona;;08912;Barcelonès; 
5435437;6040;Altres Entitats Receptores;Barcelona;;08019;Barcelonès;Sant Martí
5435439;6041;Altres Entitats Receptores;Barcelona;;08008;Barcelonès;L'Eixample
5435441;6042;Altres Entitats Receptores;Barcelona;;08038;Barcelonès;Sants-Montjuic
5470800;6043;Altres Entitats Receptores;Sabadell;;08201;Vallès Occidental; 
5498300;6044;Altres Entitats Receptores;Barcelona;;08021;Barcelonès;Sarrià-Sant Gervasi
5503606;6045;Altres Entitats Receptores;Barcelona;;08023;Barcelonès;Gràcia
5516900;6046;Altres Entitats Receptores;Barcelona;;08002;Barcelonès;Ciutat Vella
5521200;6047;Altres Entitats Receptores;Badalona;;08914;Barcelonès; 
5525500;6048;Altres Entitats Receptores;L'Ametlla del Vallès;;08480;Vallès Oriental; 
5526203;6049;Altres Entitats Receptores;La Garriga;;08530;Vallès Oriental; 
5526800;6050;Altres Entitats Receptores;Cabrils;;08348;Maresme; 
5529601;6051;Altres Entitats Receptores;Barcelona;;08030;Barcelonès;Sant Andreu
5538100;6052;Altres Entitats Receptores;Sant Quirze del Vallès;;08192;Vallès Occidental; 
5544700;6053;Altres Entitats Receptores;Granollers;;08400;Vallès Oriental; 
5550100;6054;Altres Entitats Receptores;;;;;
5623100;6055;Altres Entitats Receptores;Sant Adrià de Besòs;;08930;Barcelonès; 
5679200;6056;Altres Entitats Receptores;Rubí;;08191;Vallès Occidental; 
5679201;6057;Altres Entitats Receptores;Barcelona;;08004;Barcelonès;Ciutat Vella
5682200;6058;Altres Entitats Receptores;L'Hospitalet de Llobregat;;08907;Barcelonès; 
5685200;6059;Altres Entitats Receptores;Manresa;;08240;Bages; 
5690100;6060;Altres Entitats Receptores;L'Hospitalet de Llobregat;;08906;Barcelonès; 
5690101;6061;Altres Entitats Receptores;Barcelona;;08006;Barcelonès;Sarrià-Sant Gervasi
5690102;6062;Altres Entitats Receptores;Barcelona;;08027;Barcelonès;Sant Andreu
5690300;6063;Altres Entitats Receptores;Gavà;;08850;Baix Llobregat; 
5703800;6064;Altres Entitats Receptores;Barcelona;;08009;Barcelonès;L'Eixample
5706300;6065;Altres Entitats Receptores;Barcelona;;08042;Barcelonès;Nou Barris
5727400;6066;Altres Entitats Receptores;L'Hospitalet de Llobregat;;08907;Barcelonès; 
5736100;6067;Altres Entitats Receptores;Cornellà de Llobregat;;08940;Baix Llobregat; 
5744400;6068;Altres Entitats Receptores;Barcelona;;08017;Barcelonès;Sarrià-Sant Gervasi
5744501;6069;Altres Entitats Receptores;Barcelona;;08018;Barcelonès;Sant Martí
5756200;6070;Altres Entitats Receptores;Sant Vicenç dels Horts;;08620;Baix Llobregat; 
5815800;6071;Altres Entitats Receptores;Santa Coloma de Gramenet;;08922;Barcelonès; 
5833000;6072;Altres Entitats Receptores;Barcelona;;08022;Barcelonès;Sarrià-Sant Gervasi
5848300;6073;Altres Entitats Receptores;Barcelona;;08033;Barcelonès;Nou Barris
5854600;6074;Altres Entitats Receptores;Cubelles;;08880;Garraf; 
5855800;6075;Altres Entitats Receptores;Barcelona;;08001;Barcelonès;Ciutat Vella
5855802;6076;Altres Entitats Receptores;L'Hospitalet de Llobregat;;08905;Barcelonès; 
5858200;6077;Altres Entitats Receptores;Sant Fost de Campsentelles;;08105;Vallès Oriental; 
5863000;6078;Altres Entitats Receptores;Martorelles;;08107;Vallès Oriental;
5863001;6079;Altres Entitats Receptores;Les Franqueses del Vallès;;08520;Vallès Oriental; 
5866300;6080;Altres Entitats Receptores;Gavà;;08850;Baix Llobregat; 
5893000;6081;Altres Entitats Receptores;Barcelona;;08004;Barcelonès;Ciutat Vella
5909300;6082;Altres Entitats Receptores;Vilanova i la Geltrú;;08800;Garraf; 
5909302;6083;Altres Entitats Receptores;Vilanova i la Geltrú;;08800;Garraf; 
5983800;6084;Altres Entitats Receptores;Barcelona;;08024;Barcelonès;Gràcia
6023702;6085;Altres Entitats Receptores;Barcelona;;08035;Barcelonès;Horta-Guinardó
6062400;6086;Altres Entitats Receptores;El Prat de Llobregat;;08820;Baix Llobregat; 
6088800;6088;Altres Entitats Receptores;Mataró;;08301;Maresme; 
6091800;6089;Altres Entitats Receptores;Sabadell;;08203;Vallès Occidental; 
6097000;6090;Altres Entitats Receptores;Santa Coloma de Gramenet;;08921;Barcelonès; 
6108800;6091;Altres Entitats Receptores;Cornellà de Llobregat;;08940;Baix Llobregat; 
6113800;6092;Altres Entitats Receptores;Cardedeu;;08440;Vallès Oriental; 
6131901;6093;Altres Entitats Receptores;Barcelona;;08004;Barcelonès;Ciutat Vella
6131903;6094;Altres Entitats Receptores;Vilafranca del Penedès;;08720;Alt Penedès; 
6131905;6095;Altres Entitats Receptores;Terrassa;;08224;Vallès Occidental; 
6134200;6096;Altres Entitats Receptores;Barcelona;;08011;Barcelonès;L'Eixample
6158101;6099;Altres Entitats Receptores;Sabadell;;08205;Vallès Occidental; 
6190601;6100;Altres Entitats Receptores;Barcelona;;08033;Barcelonès;Nou Barris
6190602;6101;Altres Entitats Receptores;Corbera de Llobregat;;08757;Baix Llobregat; 
6216100;6102;Altres Entitats Receptores;Barcelona;;08006;Barcelonès;Sarrià-Sant Gervasi
6249509;6103;Altres Entitats Receptores;Barcelona;;08001;Barcelonès;Ciutat Vella
6271904;6105;Altres Entitats Receptores;La Llagosta;;08120;Vallès Oriental; 
6304400;6106;Altres Entitats Receptores;Ripollet;;08291;Vallès Occidental; 
6332200;6107;Altres Entitats Receptores;Barcelona;;08014;Barcelonès;Sants-Montjuic
6332500;6108;Altres Entitats Receptores;Canet de Mar;;08360;Maresme; 
6365300;6109;Altres Entitats Receptores;Barcelona;;08022;Barcelonès;Sarrià-Sant Gervasi
6393406;6110;Altres Entitats Receptores;Cubelles;;08880;Garraf; 
6393410;6111;Altres Entitats Receptores;L'Hospitalet de Llobregat;;08908;Barcelonès; 
6417800;6112;Altres Entitats Receptores;Barcelona;;08042;Barcelonès;Nou Barris
6434300;6114;Altres Entitats Receptores;Sant Cugat del Vallès;;08197;Vallès Occidental; 
6441600;6115;Altres Entitats Receptores;Berga;;08600;Berguedà; 
6460500;6116;Altres Entitats Receptores;Santa Coloma de Gramenet;;08922;Barcelonès; 
6512401;6118;Altres Entitats Receptores;Moià;;08180;Bages; 
6551300;6119;Altres Entitats Receptores;Barcelona;;08001;Barcelonès;Ciutat Vella
6552600;6120;Altres Entitats Receptores;El Masnou;;08320;Maresme; 
6569200;6121;Altres Entitats Receptores;Barcelona;;08030;Barcelonès;Sant Andreu
6635007;6122;Altres Entitats Receptores;Vilassar de Dalt;;08339;Maresme; 
6646801;6123;Altres Entitats Receptores;Sant Pere de Ribes;;08810;Garraf; 
6646802;6124;Altres Entitats Receptores;Vilafranca del Penedès;;08720;Alt Penedès; 
6646803;6125;Altres Entitats Receptores;Manresa;;08241;Bages; 
6654300;6126;Altres Entitats Receptores;Lliçà d'Amunt;;08186;Vallès Oriental; 
6654823;6127;Altres Entitats Receptores;Badalona;;08911;Barcelonès; 
6661200;6128;Altres Entitats Receptores;Barcelona;;08017;Barcelonès;Sarrià-Sant Gervasi
6663400;6129;Altres Entitats Receptores;Vilanova i la Geltrú;;08800;Garraf; 
6663401;6130;Altres Entitats Receptores;Cardedeu;;08440;Vallès Oriental; 
6663402;6131;Altres Entitats Receptores;Canet de Mar;;08360;Maresme; 
6663403;6132;Altres Entitats Receptores;Olesa de Montserrat;;08640;Baix Llobregat; 
6689000;6133;Altres Entitats Receptores;Badalona;;08911;Barcelonès; 
6740100;6134;Altres Entitats Receptores;Barcelona;;08018;Barcelonès;Sant Martí
6760000;6135;Altres Entitats Receptores;Santa Coloma de Cervelló;;08690;Baix Llobregat; 
6797400;6139;Altres Entitats Receptores;Masquefa;;08783;Anoia; 
6811100;6140;Altres Entitats Receptores;Sabadell;;08204;Vallès Occidental; 
6825509;6141;Altres Entitats Receptores;Barcelona;;08014;Barcelonès;Sants-Montjuic
6945600;6142;Altres Entitats Receptores;Sant Pere de Ribes;;08810;Garraf; 
7108700;6143;Altres Entitats Receptores;Torrelles de Llobregat;;08629;Baix Llobregat; 
7108701;6144;Altres Entitats Receptores;Navarcles;;08270;Bages; 
7108702;6145;Altres Entitats Receptores;Vilanova i la Geltrú;;08800;Garraf; 
7108705;6146;Altres Entitats Receptores;Callús;;08262;Bages; 
7108707;6147;Altres Entitats Receptores;Santa Perpètua de Mogoda;;08130;Vallès Occidental; 
7132300;6148;Altres Entitats Receptores;Sabadell;;08202;Vallès Occidental; 
7136800;6149;Sense Identificar;;;;;
7173400;6150;Altres Entitats Receptores;Barcelona;;08022;Barcelonès;Sarrià-Sant Gervasi
7236002;6152;Altres Entitats Receptores;;;;;
NOVA 2017;6153;Sense Identificar;;;;;
7532400;6155;Altres Entitats Receptores;Terrassa;;08221;Vallès Occidental; 
7532402;6156;Altres Entitats Receptores;Torrelles de Llobregat;;08629;Baix Llobregat; 
7540100;6157;Altres Entitats Receptores;Santa Margarida de Montbui;;08710;Anoia; 
7612100;6160;Altres Entitats Receptores;Badalona;;08918;Barcelonès; 
7625800;6161;Altres Entitats Receptores;Barcelona;;08017;Barcelonès;Sarrià-Sant Gervasi
7625805;6162;Altres Entitats Receptores;Barcelona;;08035;Barcelonès;Horta-Guinardó
7634001;6163;Altres Entitats Receptores;Barcelona;;08028;Barcelonès;Les Corts
7909700;6167;Entitats Receptores Ordinàries;Sallent;;08650;Bages;
7909702;6168;Altres Entitats Receptores;Vilanova i la Geltrú;;08800;Garraf;
7910001;6169;Sense Identificar;Barcelona;;08036;Barcelonès;L'Eixample
8080000;6171;Altres Entitats Receptores;;;;;
8121145;6172;Altres Entitats Receptores;Vilanova i la Geltrú;;08800;Garraf;
8304904;6173;Altres Entitats Receptores;Barcelona;;08002;Barcelonès;Ciutat Vella
8370202;6174;Altres Entitats Receptores;Barcelona;;08003;Barcelonès;Ciutat Vella
8458377;6175;Altres Entitats Receptores;Barcelona;;08009;Barcelonès;L'Eixample
